hus, house
hem, home
stor, big
stor, large
stor, huge
stor, volymous
bil, car
bok, book
vatten, water
mat, food
vän, friend
skola, school
katt, cat
hund, dog
träd, tree
blomma, flower
bord, table
stol, chair
fönster, window
dörr, door
gata, street
stad, city
land, country
barn, child
kvinna, woman
liten, small
liten, little
snabb, fast
snabb, quick
långsam, slow
glad, happy
glad, cheerful
ledsen, sad
varm, warm
kall, cold
vacker, beautiful
vacker, pretty
gammal, old
ung, young
ny, new
tid, time
dag, day
natt, night
sol, sun
måne, moon
regn, rain
snö, snow
äpple, apple
bröd, bread
mjölk, milk
arbete, work
pengar, money
musik, music
resa, travel
resa, trip
sova, sleep
